City_ID,City,Country,Lat,Lng,Max Temp,Humidity,Cloudiness,Wind Speed,Current Description
0,wloszczowa,PL,50.85,19.97,35.65,57,0,6.22,clear sky
1,hambantota,LK,6.12,81.12,75.54,100,20,1.14,few clouds
2,kirovsk,UA,48.64,38.64,25.97,95,35,4.65,scattered clouds
3,boshnyakovo,RU,49.63,142.17,20.28,78,100,6.22,overcast clouds
4,mount gambier,AU,-37.83,140.77,66.11,77,100,6.91,overcast clouds
5,guerrero negro,MX,27.98,-114.06,60.15,68,0,24.96,clear sky
6,talnakh,RU,69.49,88.4,4.21,98,96,2.86,overcast clouds
7,ucluelet,CA,48.93,-125.55,45.09,92,100,1.01,light rain
8,yaan,NG,7.38,8.57,82.56,64,6,10.25,clear sky
9,banda aceh,ID,5.56,95.32,80.64,75,100,13.56,overcast clouds
10,toora-khem,RU,52.47,96.11,-1.26,97,78,2.19,broken clouds
11,shitanjing,CN,39.23,106.34,36.01,31,100,5.3,overcast clouds
12,sirjan,IR,29.45,55.68,56.34,24,6,8.46,clear sky
13,tottori,JP,35.5,134.23,48.15,66,100,3.53,overcast clouds
14,cidreira,BR,-30.18,-50.21,66.45,58,58,9.66,broken clouds
15,santa rosa,PH,14.31,121.11,87.12,73,100,12.19,overcast clouds
16,ojinaga,MX,29.57,-104.42,86.95,15,0,9.22,clear sky
17,tubuala,PA,9.52,-79.03,78.96,84,100,15.41,overcast clouds
18,pullman,US,46.73,-117.18,45.84,52,20,10.36,few clouds
19,karabash,RU,55.48,60.22,25.92,90,97,11.52,overcast clouds
20,thunder bay,CA,48.4,-89.32,30.34,95,11,3.36,few clouds
21,vilcun,CL,-38.65,-72.23,54.34,96,100,2.84,overcast clouds
22,okhotsk,RU,59.38,143.3,20.46,75,100,20.15,overcast clouds
23,bridlington,GB,54.08,-0.19,40.01,87,58,1.99,broken clouds
24,east london,ZA,-33.02,27.91,70.81,89,41,7.72,scattered clouds
25,san andres del rabanedo,ES,42.61,-5.62,49.77,81,100,9.22,overcast clouds
26,mazagao,BR,-0.12,-51.29,78.85,96,100,3.83,overcast clouds
27,narsaq,GL,60.92,-46.05,10.62,77,1,7.49,clear sky
28,saint anthony,US,45.02,-93.22,55.0,43,0,13.8,clear sky
29,daru,PG,-9.08,143.21,87.13,65,100,2.04,overcast clouds
30,egvekinot,RU,66.32,-179.17,0.01,81,97,2.86,overcast clouds
31,kaitangata,NZ,-46.28,169.85,64.0,67,83,9.37,broken clouds
32,svetlaya,RU,46.54,138.33,29.34,51,100,8.08,overcast clouds
33,storslett,NO,69.77,21.02,38.19,58,100,13.65,overcast clouds
34,arklow,IE,52.79,-6.14,46.08,87,100,6.64,overcast clouds
35,mahibadhoo,MV,3.78,72.97,83.41,67,100,12.44,overcast clouds
36,jonesboro,US,35.84,-90.7,60.8,51,0,4.61,clear sky
37,portree,GB,57.41,-6.19,42.53,74,17,5.88,few clouds
38,oss,NL,51.75,5.53,42.1,82,1,2.3,mist
39,hami,CN,42.8,93.45,39.81,31,100,8.55,overcast clouds
40,panjakent,TJ,39.5,67.61,43.21,57,100,5.48,overcast clouds
41,roma,US,43.21,-75.46,39.96,96,100,9.22,overcast clouds
42,san cristobal,VE,7.77,-72.22,73.58,75,90,1.28,overcast clouds
43,fortuna,US,40.6,-124.16,53.85,68,20,10.36,few clouds
44,batemans bay,AU,-35.72,150.18,69.1,62,57,4.16,broken clouds
45,khani,GE,41.96,42.96,29.77,93,100,3.27,overcast clouds
46,baykit,RU,61.67,96.37,21.11,91,100,8.16,overcast clouds
47,dunedin,NZ,-45.87,170.5,62.92,71,62,12.73,broken clouds
48,rudsar,IR,37.14,50.29,41.09,96,100,5.84,overcast clouds
49,borogontsy,RU,62.67,131.17,10.71,85,10,4.29,clear sky
50,ukiah,US,39.15,-123.21,66.43,47,0,6.91,clear sky
51,airai,TL,-8.93,125.41,72.52,59,84,1.05,broken clouds
52,montrose,US,38.42,-108.27,45.81,59,40,7.87,scattered clouds
53,rorvik,NO,64.86,11.24,42.64,75,1,14.32,clear sky
54,tiksi,RU,71.69,128.87,5.67,87,98,9.1,overcast clouds
55,lisakovsk,KZ,52.54,62.49,18.57,95,100,17.34,light snow
56,sur,OM,22.57,59.53,73.44,53,0,5.93,clear sky
57,kashan,IR,33.98,51.44,58.42,27,72,1.88,broken clouds
58,yulara,AU,-25.24,130.99,93.04,17,0,16.11,clear sky
59,namatanai,PG,-3.67,152.43,85.87,63,70,5.64,broken clouds
60,anadyr,RU,64.75,177.48,7.3,77,20,2.24,mist
61,mandalgovi,MN,45.76,106.27,18.43,43,0,2.06,clear sky
62,pendencias,BR,-5.26,-36.72,78.26,82,72,5.97,light rain
63,jardim,BR,-21.48,-56.14,71.87,94,7,4.25,clear sky
64,bayevo,RU,53.28,80.77,15.37,93,100,13.4,overcast clouds
65,kapaa,US,22.08,-159.32,80.11,74,100,8.05,overcast clouds
66,takoradi,GH,4.88,-1.76,79.27,85,92,6.11,overcast clouds
67,kirakira,SB,-10.45,161.92,85.5,64,100,8.1,overcast clouds
68,codajas,BR,-3.84,-62.06,74.48,98,100,0.98,overcast clouds
69,kropotkin,RU,45.44,40.58,28.08,55,5,6.24,clear sky
70,obigarm,TJ,38.72,69.71,38.41,66,100,7.09,overcast clouds
71,fairbanks,US,64.84,-147.72,20.08,53,0,8.05,clear sky
72,arraial do cabo,BR,-22.97,-42.03,76.19,85,100,16.6,overcast clouds
73,port shepstone,ZA,-30.74,30.45,69.55,82,15,7.2,few clouds
74,paita,PE,-5.09,-81.11,75.69,73,91,13.8,overcast clouds
75,hofn,IS,64.25,-15.21,38.7,73,100,9.33,overcast clouds
76,mnogovershinnyy,RU,53.94,139.92,13.6,69,9,10.65,clear sky
77,elizabeth city,US,36.29,-76.25,60.03,44,75,21.85,broken clouds
78,caconda,AO,-13.73,15.07,61.56,93,100,3.38,light rain
79,tabou,CI,4.42,-7.35,79.48,86,100,4.38,overcast clouds
80,gravdal,NO,68.12,13.5,42.84,80,100,32.53,overcast clouds
81,barahona,DO,18.21,-71.1,76.32,76,1,6.93,clear sky
82,paramonga,PE,-10.67,-77.83,70.32,83,100,7.72,overcast clouds
83,the valley,AI,18.22,-63.06,78.66,70,9,21.16,clear sky
84,calatayud,ES,41.35,-1.64,48.13,90,100,6.78,overcast clouds
85,kodiak,US,57.79,-152.41,36.91,87,100,12.66,overcast clouds
86,korgen,NO,66.08,13.82,33.19,68,18,5.97,few clouds
87,yar-sale,RU,66.83,70.83,11.93,96,85,10.6,overcast clouds
88,ardesen,TR,41.19,40.99,36.48,82,100,3.04,overcast clouds
89,pucallpa,PE,-8.38,-74.55,75.24,100,75,5.75,light rain
90,coquimbo,CL,-29.95,-71.34,58.73,88,0,4.61,clear sky
91,berlevag,NO,70.86,29.09,37.2,72,100,19.13,overcast clouds
92,bonthe,SL,7.53,-12.51,75.94,83,98,3.42,overcast clouds
93,mehamn,NO,71.04,27.85,37.33,67,100,18.92,overcast clouds
94,alyangula,AU,-13.85,136.42,88.3,61,58,11.12,broken clouds
95,los llanos de aridane,ES,28.66,-17.92,58.75,75,100,8.05,overcast clouds
96,darhan,MN,49.49,105.92,17.96,75,4,4.54,clear sky
97,novyy urengoy,RU,66.08,76.63,4.6,100,100,4.29,overcast clouds
98,yellowknife,CA,62.46,-114.35,33.42,81,100,6.49,overcast clouds
99,harper,LR,4.38,-7.72,79.48,85,100,3.49,overcast clouds
100,naze,JP,28.37,129.48,62.33,67,100,7.49,overcast clouds
101,svetlyy,RU,54.67,20.13,33.96,65,6,4.38,clear sky
102,clarksburg,US,39.28,-80.34,46.85,57,0,4.61,clear sky
103,kushima,JP,31.46,131.23,51.08,92,100,3.62,light rain
104,camacupa,AO,-12.02,17.48,61.09,98,100,0.96,light rain
105,broken hill,AU,-31.95,141.43,87.76,25,13,10.51,few clouds
106,loukhi,RU,66.08,33.04,29.32,84,0,6.08,clear sky
107,oktyabrskoye,RU,43.06,44.74,12.34,92,8,6.71,clear sky
108,sarakhs,IR,36.54,61.16,48.99,46,100,7.25,overcast clouds
109,georgetown,MY,5.41,100.34,78.73,89,40,2.3,scattered clouds
110,geraldton,AU,-28.77,114.6,73.81,68,5,20.71,clear sky
111,penzance,GB,50.12,-5.54,48.83,88,82,18.99,broken clouds
112,stokmarknes,NO,68.56,14.91,44.15,60,99,19.28,overcast clouds
113,isesaki,JP,36.32,139.2,50.9,33,100,5.61,overcast clouds
114,ilinskaya,RU,45.72,40.72,29.44,54,6,5.17,clear sky
115,arman,RU,59.7,150.17,30.02,71,100,11.16,overcast clouds
116,ayan,RU,56.45,138.17,19.22,62,44,10.58,scattered clouds
117,dingle,PH,11.0,122.67,84.18,72,100,10.92,overcast clouds
118,kidal,ML,18.44,1.41,79.23,11,20,13.42,few clouds
119,luyang,CN,27.62,110.1,44.24,92,100,4.63,overcast clouds
120,boende,CD,-0.22,20.87,70.99,99,100,2.37,moderate rain
121,kysyl-syr,RU,63.9,122.76,14.11,93,100,6.08,overcast clouds
122,merta,IN,26.65,74.03,69.3,22,4,9.31,clear sky
123,saint-louis,SN,16.33,-15.0,72.72,38,13,10.94,few clouds
124,hobart,AU,-42.88,147.33,68.22,73,75,8.05,broken clouds
125,westport,US,41.14,-73.36,50.2,63,100,13.8,overcast clouds
126,celestun,MX,20.87,-90.4,79.32,76,74,16.91,broken clouds
127,sovetskiy,RU,61.36,63.58,25.97,92,100,13.47,light snow
128,cedar city,US,37.68,-113.06,36.57,70,100,12.66,overcast clouds
129,ternuvate,UA,47.83,36.13,26.53,94,7,4.7,clear sky
130,wagar,SD,16.15,36.2,75.67,57,0,9.06,clear sky
131,algiers,DZ,36.75,3.04,58.82,63,40,6.91,scattered clouds
132,vestmannaeyjar,IS,63.44,-20.27,39.09,63,100,4.09,overcast clouds
133,salinas,US,36.68,-121.66,68.85,55,0,13.8,clear sky
134,meulaboh,ID,4.14,96.13,76.24,85,100,2.66,overcast clouds
135,katsuura,JP,35.13,140.3,45.25,90,100,12.55,overcast clouds
136,waipawa,NZ,-41.41,175.52,60.67,83,100,14.41,moderate rain
137,tulum,MX,20.22,-87.47,77.25,79,7,6.93,clear sky
138,presidencia roque saenz pena,AR,-26.79,-60.44,67.19,41,0,6.29,clear sky
139,usoke,TZ,-5.17,32.35,64.6,96,100,3.69,overcast clouds
140,aklavik,CA,68.22,-135.01,-3.32,91,100,13.27,overcast clouds
141,beloha,MG,-25.17,45.05,68.02,71,41,10.51,scattered clouds
142,mayo,US,38.89,-76.51,52.18,54,0,19.57,clear sky
143,faanui,PF,-16.48,-151.75,83.07,70,5,17.63,clear sky
144,mackay,AU,-21.15,149.2,83.68,64,100,15.64,overcast clouds
145,aasiaat,GL,68.71,-52.87,-20.29,99,64,6.38,broken clouds
146,kerch,UA,45.36,36.48,37.62,62,3,18.16,clear sky
147,pryazha,RU,61.69,33.62,19.76,95,34,3.4,scattered clouds
148,moengo,SR,5.62,-54.4,74.68,85,100,3.96,overcast clouds
149,lumberton,US,34.62,-79.01,59.45,47,0,7.31,clear sky
150,mujiayingzi,CN,42.12,118.78,29.46,62,77,9.1,broken clouds
151,camargo,MX,27.67,-105.17,78.08,9,100,32.14,overcast clouds
152,usinsk,RU,65.99,57.53,20.07,92,98,15.17,overcast clouds
153,lisala,CD,2.15,21.52,70.56,93,100,2.44,overcast clouds
154,farmington,US,36.73,-108.22,54.28,37,100,9.22,overcast clouds
155,mubende,UG,0.56,31.39,63.64,85,99,1.16,overcast clouds
156,togur,RU,58.36,82.83,12.88,79,100,14.7,overcast clouds
157,olafsvik,IS,64.89,-23.71,33.4,62,100,8.08,overcast clouds
158,hay river,CA,60.82,-115.8,32.63,99,100,2.82,overcast clouds
159,kutum,SD,14.2,24.67,64.58,7,9,5.77,clear sky
160,meridian,US,43.61,-116.39,47.25,30,0,20.71,clear sky
161,lorengau,PG,-2.02,147.27,85.37,69,100,8.46,overcast clouds
162,nuuk,GL,64.18,-51.72,-12.19,97,15,6.46,few clouds
163,athabasca,CA,54.72,-113.29,34.05,67,100,8.61,overcast clouds
164,castro,BR,-24.79,-50.01,58.48,96,100,8.88,overcast clouds
165,puerto escondido,MX,15.85,-97.07,83.23,69,0,6.91,clear sky
166,hamilton,US,39.18,-84.53,55.09,57,0,0.0,clear sky
167,lakes entrance,AU,-37.88,147.98,71.17,63,0,10.87,clear sky
168,gambela,ET,8.25,34.58,84.45,40,100,0.78,overcast clouds
169,northam,GB,51.03,-4.22,45.61,64,35,12.46,scattered clouds
170,faya,SA,18.39,42.45,57.72,70,1,5.68,clear sky
171,creel,MX,27.75,-107.63,50.56,21,0,20.4,clear sky
172,bergerac,FR,44.83,0.5,53.82,66,0,6.91,clear sky
173,takhli,TH,15.26,100.34,84.4,64,100,11.07,overcast clouds
174,stanislav,UA,46.57,32.15,30.97,66,4,9.13,clear sky
175,mar del plata,AR,-38.0,-57.56,58.87,75,20,25.01,few clouds
176,alice springs,AU,-23.7,133.88,89.15,22,0,11.5,clear sky
177,lipin bor,RU,60.26,37.98,27.73,95,39,8.5,scattered clouds
178,tura,IN,25.52,90.22,70.97,46,9,4.16,clear sky
179,astoria,US,46.19,-123.83,45.72,84,100,5.01,moderate rain
180,mount darwin,ZW,-16.77,31.58,57.67,97,9,2.35,clear sky
181,albany,US,42.6,-73.97,39.63,85,100,5.99,light rain
182,tautira,PF,-17.73,-149.15,82.11,71,5,17.05,clear sky
183,atambua,ID,-9.11,124.89,81.1,71,68,1.72,broken clouds
184,surin,TH,14.88,103.49,86.0,87,76,9.46,broken clouds
185,severo-yeniseyskiy,RU,60.37,93.04,15.31,90,100,12.44,overcast clouds
186,zhenlai,CN,45.85,123.3,30.33,34,48,13.35,scattered clouds
187,orsha,BY,54.52,30.41,26.94,96,0,5.82,clear sky
188,atar,MR,20.52,-13.05,71.8,25,0,7.4,clear sky
189,flinders,AU,-34.58,150.86,73.18,68,75,4.0,broken clouds
190,vardo,NO,70.37,31.11,34.75,85,100,13.24,overcast clouds
191,sawakin,SD,19.11,37.33,70.77,75,10,8.9,clear sky
192,the pas,CA,53.83,-101.25,32.9,88,100,14.27,overcast clouds
193,santa isabel,BR,-23.32,-46.22,65.5,97,100,9.71,overcast clouds
194,korla,CN,41.76,86.15,40.84,58,91,8.68,overcast clouds
195,caravelas,BR,-17.71,-39.25,76.33,85,95,4.54,overcast clouds
196,alta floresta,BR,-9.88,-56.09,72.09,96,96,2.08,overcast clouds
197,waingapu,ID,-9.66,120.26,83.35,72,95,3.27,overcast clouds
198,elliot lake,CA,46.38,-82.63,33.66,90,72,7.45,broken clouds
199,bandarbeyla,SO,9.49,50.81,75.4,73,2,5.88,clear sky
200,monaragala,LK,6.87,81.35,73.27,74,17,2.62,few clouds
201,verkhoyansk,RU,67.54,133.38,-9.72,92,38,2.91,scattered clouds
202,belyy yar,RU,53.6,91.39,15.69,66,90,6.71,overcast clouds
203,gold coast,AU,-28.0,153.43,84.16,64,0,12.66,clear sky
204,la palma,US,33.85,-118.05,76.08,45,0,21.85,clear sky
205,touros,BR,-5.2,-35.46,78.57,85,99,8.28,overcast clouds
206,victoria,HK,22.29,114.16,77.05,89,96,15.01,overcast clouds
207,esperance,AU,-33.87,121.9,71.44,90,94,19.71,overcast clouds
208,ibotirama,BR,-12.19,-43.22,82.47,42,100,2.77,overcast clouds
209,thompson,CA,55.74,-97.86,24.91,94,100,6.46,overcast clouds
210,alekseyevsk,RU,57.84,108.35,24.42,92,100,14.81,light snow
211,rocha,UY,-34.48,-54.33,51.87,76,0,3.27,clear sky
212,umm lajj,SA,25.02,37.27,66.63,66,0,8.5,clear sky
213,saint-philippe,RE,-21.36,55.77,76.59,85,96,8.75,overcast clouds
214,ancud,CL,-41.87,-73.82,57.22,91,94,11.61,overcast clouds
215,partizansk,RU,43.13,133.13,32.0,44,13,4.12,few clouds
216,anori,BR,-3.77,-61.64,74.34,98,100,0.94,light rain
217,kaspiyskiy,RU,45.39,47.37,29.16,60,0,9.86,clear sky
218,bud,US,39.45,-86.18,56.68,53,39,7.18,scattered clouds
219,jiaocheng,CN,24.68,116.14,71.69,88,99,1.77,overcast clouds
220,mingaora,PK,34.78,72.36,58.73,52,0,8.28,clear sky
221,kuloy,RU,61.03,42.49,34.41,90,84,10.29,broken clouds
222,kpandae,GH,8.47,-0.01,81.7,71,100,9.48,overcast clouds
223,qaanaaq,GL,77.48,-69.36,-6.07,93,100,6.96,overcast clouds
224,broome,US,42.25,-75.83,40.62,77,0,10.36,clear sky
225,plettenberg bay,ZA,-34.05,23.37,65.23,95,7,2.59,clear sky
226,la ronge,CA,55.1,-105.28,33.8,88,100,12.48,overcast clouds
227,nanortalik,GL,60.14,-45.24,11.73,83,3,9.44,clear sky
228,sturgeon bay,US,44.83,-87.38,46.36,70,0,8.05,clear sky
229,clyde river,CA,70.47,-68.59,-22.34,94,87,7.72,overcast clouds
230,champerico,GT,14.3,-91.92,82.67,67,5,6.2,clear sky
231,visegrad,BA,43.78,19.3,30.25,60,0,0.87,clear sky
232,changping,CN,40.22,116.22,44.24,37,97,6.62,overcast clouds
233,solnechnyy,RU,50.72,136.63,23.36,59,11,2.53,few clouds
234,lata,PT,40.16,-8.33,54.07,88,96,7.18,overcast clouds
235,lebu,CL,-37.62,-73.65,56.93,95,23,6.29,few clouds
236,karpathos,GR,35.51,27.21,46.36,57,98,2.3,overcast clouds
237,bambanglipuro,ID,-7.95,110.28,79.5,84,100,8.1,overcast clouds
238,alofi,NU,-19.06,-169.92,81.46,73,73,16.69,light rain
239,eureka,US,40.8,-124.16,54.68,71,43,8.99,scattered clouds
240,hermanus,ZA,-34.42,19.23,67.8,89,2,9.1,clear sky
241,harrison,US,30.41,-89.04,60.87,68,0,3.44,clear sky
242,chuy,UY,-33.7,-53.46,64.36,47,90,11.56,overcast clouds
243,manturovo,RU,58.34,44.76,35.67,89,100,12.08,overcast clouds
244,fare,PF,-16.7,-151.02,82.15,73,9,19.73,light rain
245,delta del tigre,UY,-34.76,-56.39,59.11,75,1,3.0,clear sky
246,wuda,CN,39.5,106.71,37.6,32,100,7.76,overcast clouds
247,pochutla,MX,15.74,-96.47,83.82,62,4,4.27,clear sky
248,sitka,US,57.05,-135.33,42.69,56,100,13.8,overcast clouds
249,makakilo city,US,21.35,-158.09,80.92,63,75,10.36,light intensity drizzle
250,lufilufi,WS,-13.87,-171.6,83.28,73,27,17.27,scattered clouds
251,peniche,PT,39.36,-9.38,52.11,91,26,15.9,scattered clouds
252,pangnirtung,CA,66.15,-65.71,-16.6,63,0,0.0,clear sky
253,poum,NC,-20.23,164.02,81.12,76,100,18.1,overcast clouds
254,sembakung,ID,3.82,117.25,75.97,95,100,1.19,overcast clouds
255,chulumani,BO,-16.41,-67.53,62.69,99,91,0.58,overcast clouds
256,souillac,MU,-20.52,57.52,78.71,89,99,8.79,light rain
257,taoudenni,ML,22.68,-3.98,73.89,18,0,12.24,clear sky
258,minsk,BY,53.9,27.57,31.75,84,0,6.49,clear sky
259,santana do livramento,BR,-30.89,-55.53,56.71,53,0,14.85,clear sky
260,ewa beach,US,21.32,-158.01,82.35,62,75,10.36,light intensity drizzle
261,te anau,NZ,-45.42,167.72,67.55,50,97,0.85,overcast clouds
262,ormond beach,US,29.29,-81.06,65.08,63,0,3.44,clear sky
263,brae,GB,60.4,-1.35,42.3,75,5,17.05,clear sky
264,akmene,LT,56.25,22.75,35.98,66,0,2.93,clear sky
265,tigil,RU,57.8,158.67,35.46,94,100,11.45,overcast clouds
266,vankleek hill,CA,45.52,-74.65,35.55,79,100,13.24,overcast clouds
267,awbari,LY,26.59,12.78,57.24,40,0,16.82,clear sky
268,saint george,US,37.1,-113.58,59.63,37,20,24.16,few clouds
269,andros town,BS,24.7,-77.77,76.96,72,1,8.46,clear sky
270,hueytamalco,MX,19.95,-97.27,64.44,90,95,1.63,overcast clouds
271,deputatskiy,RU,69.3,139.9,-4.74,88,5,2.19,clear sky
272,inhambane,MZ,-23.86,35.38,72.73,70,100,8.43,overcast clouds
273,san vicente,AR,-26.62,-54.13,62.6,67,0,5.32,clear sky
274,margate,GB,51.38,1.39,35.69,88,0,7.45,clear sky
275,umtata,ZA,-31.59,28.78,60.21,97,85,1.95,overcast clouds
276,drezna,RU,55.75,38.85,35.44,95,0,6.96,clear sky
277,pithoragarh,IN,29.58,80.22,50.4,49,42,4.09,scattered clouds
278,beringovskiy,RU,63.05,179.32,21.15,64,100,4.85,overcast clouds
279,tazovskiy,RU,67.47,78.7,2.61,100,100,3.87,overcast clouds
280,wakkanai,JP,45.41,141.67,31.46,83,100,22.35,light snow
281,ardalstangen,NO,61.24,7.7,26.58,90,35,6.98,scattered clouds
282,kadyy,RU,57.79,43.19,35.69,90,100,12.37,overcast clouds
283,nome,US,64.5,-165.41,12.27,67,0,3.44,clear sky
284,husavik,IS,66.04,-17.34,29.21,78,54,6.44,broken clouds
285,severo-kurilsk,RU,50.68,156.12,32.56,95,100,28.95,snow
286,asau,RO,46.43,26.4,25.72,77,59,5.39,broken clouds
287,ribas do rio pardo,BR,-20.44,-53.76,72.01,96,100,4.56,overcast clouds
288,millerovo,RU,48.92,40.4,26.69,94,40,8.1,scattered clouds
289,carutapera,BR,-1.2,-46.02,75.6,94,100,4.18,overcast clouds
290,tasiilaq,GL,65.61,-37.64,6.96,68,0,8.34,clear sky
291,taltal,CL,-25.4,-70.48,66.69,78,8,2.89,clear sky
292,santa isabel do rio negro,BR,-0.41,-65.02,73.45,99,100,0.4,light rain
293,balkanabat,TM,39.51,54.37,44.67,59,100,6.89,overcast clouds
294,college,US,64.86,-147.8,20.07,52,20,8.05,few clouds
295,bizhbulyak,RU,53.7,54.26,29.23,94,100,13.69,overcast clouds
296,asfi,MA,32.3,-9.24,58.28,73,1,6.93,clear sky
297,phan thiet,VN,10.93,108.1,83.84,67,53,8.3,broken clouds
298,chimbote,PE,-9.09,-78.58,69.85,82,100,8.68,overcast clouds
299,kokopo,PG,-4.35,152.26,85.28,60,100,4.92,overcast clouds
300,la rioja,ES,42.25,-2.5,44.38,89,100,7.76,overcast clouds
301,ambilobe,MG,-13.2,49.05,73.65,96,100,2.68,overcast clouds
302,manaure,CO,11.78,-72.44,79.52,74,99,18.45,overcast clouds
303,awjilah,LY,29.11,21.29,50.7,60,5,17.81,clear sky
304,san patricio,US,28.02,-97.52,69.67,74,100,15.23,overcast clouds
305,wajid,SO,3.81,43.25,75.09,63,6,15.21,clear sky
306,durango,MX,24.83,-104.83,65.79,12,100,15.86,overcast clouds
307,komatipoort,ZA,-25.43,31.95,65.05,88,5,4.38,clear sky
308,republic,US,37.12,-93.48,67.96,33,0,6.91,clear sky
309,atherton,GB,53.52,-2.49,39.42,81,4,2.8,clear sky
310,betioky,MG,-23.72,44.38,64.98,82,0,8.68,clear sky
311,bluff,NZ,-46.6,168.33,59.16,79,13,10.58,few clouds
312,lebedinyy,RU,58.52,125.52,12.52,87,100,10.27,light snow
313,dinan,FR,48.42,-2.25,49.21,79,32,7.49,scattered clouds
314,ifanadiana,MG,-21.3,47.63,63.39,97,85,1.16,overcast clouds
315,jaboticabal,BR,-21.25,-48.32,67.32,80,88,12.12,overcast clouds
316,olinda,BR,-8.01,-34.86,82.13,78,40,6.91,scattered clouds
317,halden,NO,59.12,11.39,30.63,79,0,3.4,clear sky
318,dikson,RU,73.51,80.55,0.52,98,99,10.85,overcast clouds
319,russell,US,32.35,-85.2,64.0,61,0,0.0,clear sky
320,jalu,LY,29.03,21.55,50.86,61,5,17.98,clear sky
321,adelaide,AU,-34.93,138.6,84.56,49,100,4.0,overcast clouds
322,montepuez,MZ,-13.13,39.0,66.83,96,100,7.31,overcast clouds
323,shimoda,JP,34.67,138.95,49.1,77,100,10.29,overcast clouds
324,ellisras,ZA,-23.66,27.74,61.77,57,50,3.96,scattered clouds
325,tres arroyos,AR,-38.37,-60.28,59.18,42,99,13.69,overcast clouds
326,roald,NO,62.58,6.13,42.75,93,0,2.3,clear sky
327,srednekolymsk,RU,67.45,153.68,9.41,81,100,12.03,overcast clouds
328,vaini,TO,-21.2,-175.2,81.48,70,100,18.07,overcast clouds
329,coahuayana,MX,18.73,-103.68,75.09,50,4,4.36,clear sky
330,fort-shevchenko,KZ,44.51,50.26,30.42,55,0,7.34,clear sky
331,mataura,NZ,-46.19,168.86,70.07,42,43,3.11,scattered clouds
332,kununurra,AU,-15.77,128.73,87.78,62,95,3.44,overcast clouds
333,dunkwa,GH,5.97,-1.78,75.06,93,100,2.28,overcast clouds
334,bethel,US,41.37,-73.41,48.94,67,75,12.66,broken clouds
335,sakakah,SA,29.97,40.21,49.89,43,0,12.95,clear sky
336,boulder city,US,35.98,-114.83,66.6,6,0,20.71,clear sky
337,mitsamiouli,KM,-11.38,43.28,81.23,80,100,6.11,light rain
338,guarda,PT,40.54,-7.27,42.22,93,100,4.45,overcast clouds
339,maneadero,MX,31.72,-116.57,60.1,81,44,3.0,scattered clouds
340,cockburn town,TC,21.46,-71.14,78.03,69,0,17.45,clear sky
341,tongchuan,CN,35.08,109.09,46.67,68,100,3.02,overcast clouds
342,sechura,PE,-5.56,-80.82,74.55,70,18,15.48,few clouds
343,bilecik,TR,40.0,30.17,21.88,94,74,6.13,broken clouds
344,youkounkoun,GN,12.53,-13.13,84.09,27,69,7.38,broken clouds
345,longyearbyen,SJ,78.22,15.64,22.84,86,100,32.21,light snow
346,erenhot,CN,43.65,111.98,24.13,30,2,4.38,clear sky
347,marawi,PH,8.0,124.29,77.18,71,100,3.29,overcast clouds
348,boditi,ET,6.97,37.87,60.46,75,78,0.94,light rain
349,klaksvik,FO,62.23,-6.59,45.52,92,100,19.22,overcast clouds
350,leningradskiy,RU,69.38,178.42,7.32,81,0,2.26,clear sky
351,mananara,MG,-16.17,49.77,74.1,93,99,5.57,overcast clouds
352,hasaki,JP,35.73,140.83,50.29,71,100,13.09,overcast clouds
353,nizhniy odes,RU,63.64,54.86,22.39,93,100,11.61,overcast clouds
354,pimentel,PE,-6.84,-79.93,71.89,79,100,15.88,overcast clouds
355,khatanga,RU,71.97,102.5,5.92,95,100,1.68,overcast clouds
356,port alfred,ZA,-33.59,26.89,71.4,88,9,10.33,light rain
357,sao sepe,BR,-30.16,-53.57,58.23,60,0,11.25,clear sky
358,ilulissat,GL,69.22,-51.1,-5.78,54,0,1.14,clear sky
359,punta arenas,CL,-53.15,-70.92,50.11,76,0,10.36,clear sky
360,vila velha,BR,-20.33,-40.29,76.95,87,20,4.61,few clouds
361,inuvik,CA,68.35,-133.72,-3.14,71,100,6.91,light snow
362,mogadishu,SO,2.04,45.34,78.04,81,17,13.85,few clouds
363,miri,MY,4.41,114.01,80.74,83,40,3.44,light rain
364,oistins,BB,13.07,-59.53,77.09,78,40,18.41,scattered clouds
365,kieta,PG,-6.22,155.63,86.59,57,88,5.03,overcast clouds
366,khairpur nathan shah,PK,27.09,67.73,74.88,16,0,0.63,clear sky
367,mahebourg,MU,-20.41,57.7,77.29,94,40,3.44,scattered clouds
368,ormara,PK,25.21,64.64,74.5,76,0,2.55,clear sky
369,doha,QA,25.29,51.53,67.98,39,0,3.44,clear sky
370,san miguel,SV,13.48,-88.18,86.14,47,59,1.39,broken clouds
371,carnarvon,AU,-24.87,113.63,78.87,65,13,24.16,few clouds
372,gladstone,AU,-23.85,151.25,82.33,51,40,11.5,scattered clouds
373,acarau,BR,-2.89,-40.12,77.86,85,100,8.28,overcast clouds
374,sarankhola,BD,22.31,89.79,73.2,75,7,2.86,clear sky
375,saskylakh,RU,71.92,114.08,-4.22,100,100,3.38,overcast clouds
376,charters towers,AU,-20.1,146.27,83.28,41,84,11.63,broken clouds
377,port-gentil,GA,-0.72,8.78,80.29,81,100,9.46,moderate rain
378,ahome,MX,25.92,-109.18,76.95,37,98,11.32,overcast clouds
379,santa marta,CO,11.24,-74.2,83.89,65,99,20.0,overcast clouds
380,slave lake,CA,55.28,-114.77,33.55,70,5,4.7,clear sky
381,garowe,SO,8.41,48.48,67.17,82,0,7.49,clear sky
382,ulagan,RU,50.63,87.96,-2.49,94,44,2.55,scattered clouds
383,vancouver,CA,49.25,-123.12,43.23,94,100,10.0,light rain
384,la sarre,CA,48.8,-79.2,29.88,85,100,10.47,overcast clouds
385,half moon bay,US,37.46,-122.43,67.03,64,0,20.71,haze
386,hare bay,CA,48.85,-54.01,25.95,92,100,16.67,snow
387,high level,CA,58.52,-117.14,41.11,60,75,6.91,broken clouds
388,vestmanna,FO,62.16,-7.17,43.72,100,100,11.5,mist
389,vanavara,RU,60.34,102.28,21.0,90,100,13.69,overcast clouds
390,richards bay,ZA,-28.78,32.04,64.89,82,0,4.41,clear sky
391,ostrovnoy,RU,68.05,39.51,23.16,97,100,7.38,overcast clouds
392,krasnoselkup,RU,65.7,82.47,12.76,96,100,5.57,overcast clouds
393,palmer,US,42.16,-72.33,45.86,64,100,14.97,overcast clouds
394,balakhta,RU,55.38,91.6,-3.01,100,73,0.54,broken clouds
395,saint-augustin,CA,51.23,-58.65,20.53,94,100,27.63,snow
396,kawhia,NZ,-38.07,174.82,64.51,91,100,13.87,overcast clouds
397,pangody,RU,65.85,74.49,9.23,100,100,6.6,overcast clouds
398,puerto ayora,EC,-0.74,-90.35,78.55,92,27,3.0,scattered clouds
399,maragogi,BR,-9.01,-35.22,79.34,81,78,7.36,broken clouds
400,karratha,AU,-20.74,116.85,91.24,45,98,6.4,overcast clouds
401,kurchum,KZ,48.57,83.65,10.76,92,100,0.18,overcast clouds
402,aban,RU,56.67,96.06,13.39,87,28,9.04,scattered clouds
403,rikitea,PF,-23.12,-134.97,80.19,73,11,10.42,few clouds
404,imuris,MX,30.78,-110.87,57.79,33,1,18.19,clear sky
405,reshetnikovo,RU,56.45,36.57,29.44,96,18,5.84,few clouds
406,sri aman,MY,1.24,111.46,77.05,94,40,5.75,scattered clouds
407,vrede,ZA,-27.43,29.17,51.85,72,97,2.39,overcast clouds
408,sao joao da barra,BR,-21.64,-41.05,76.3,84,100,4.74,overcast clouds
409,hilo,US,19.73,-155.09,82.13,70,0,12.66,clear sky
410,port hardy,CA,50.7,-127.42,42.98,81,100,20.71,light rain
411,barabinsk,RU,55.36,78.36,10.51,92,100,14.47,overcast clouds
412,soyo,AO,-6.13,12.37,79.38,84,90,6.96,overcast clouds
413,lavrentiya,RU,65.58,-171.0,5.18,74,5,3.65,clear sky
414,el paso,US,31.8,-106.2,76.69,7,75,21.85,broken clouds
415,ramhormoz,IR,31.28,49.6,67.89,20,100,3.22,overcast clouds
416,phuntsholing,BT,26.85,89.39,74.19,50,7,4.09,clear sky
417,fort nelson,CA,58.81,-122.7,26.19,74,40,6.91,scattered clouds
418,cabog,PH,15.32,121.37,82.76,78,49,7.38,scattered clouds
419,ust-nera,RU,64.57,143.2,1.31,94,100,5.26,overcast clouds
420,mayor pablo lagerenza,PY,-19.93,-60.77,73.67,75,16,3.31,few clouds
421,olden,NO,61.84,6.81,32.76,76,0,8.16,clear sky
422,moroni,KM,-11.7,43.26,80.65,83,73,5.73,light rain
423,yumen,CN,40.28,97.2,30.72,35,83,20.18,broken clouds
424,mahanoro,MG,-19.9,48.8,72.39,83,100,5.99,overcast clouds
425,macara,EC,-4.38,-79.95,72.81,97,100,2.3,heavy intensity rain
426,upernavik,GL,72.79,-56.15,-16.64,97,37,5.93,scattered clouds
427,mancio lima,BR,-7.61,-72.9,71.11,99,100,2.04,overcast clouds
428,kingisepp,RU,59.37,28.61,30.54,99,98,3.38,overcast clouds
429,arlit,NE,18.74,7.39,79.21,14,14,9.62,few clouds
430,itamaraca,BR,-7.75,-34.83,82.45,81,19,8.77,few clouds
431,matamoros,MX,25.53,-103.25,86.11,11,75,8.05,broken clouds
432,carauari,BR,-4.88,-66.9,74.44,98,100,1.52,overcast clouds
433,peleduy,RU,59.63,112.74,24.51,94,100,14.16,light snow
434,cape town,ZA,-33.93,18.42,67.12,83,1,9.8,clear sky
435,cayenne,GF,4.93,-52.33,80.1,1,75,9.22,broken clouds
436,churapcha,RU,62.0,132.43,10.67,84,8,3.71,clear sky
437,ishigaki,JP,24.34,124.16,73.53,88,75,9.22,light intensity shower rain
438,wellington,NZ,-41.29,174.78,64.06,72,20,6.91,few clouds
439,maniwaki,CA,46.38,-75.97,32.38,86,100,0.0,overcast clouds
440,sibolga,ID,1.74,98.78,78.51,83,100,2.86,overcast clouds
441,galle,LK,6.04,80.22,79.75,85,31,9.6,scattered clouds
442,frankfort,ZA,-27.27,28.48,55.11,66,98,4.45,overcast clouds
443,imbituba,BR,-28.24,-48.67,67.82,88,99,7.4,overcast clouds
444,shingu,JP,33.73,135.98,53.89,51,100,1.7,overcast clouds
445,maua,BR,-23.67,-46.46,66.36,92,100,10.29,overcast clouds
446,espanola,US,35.99,-106.08,63.88,8,100,3.0,overcast clouds
447,henties bay,NA,-22.12,14.28,67.62,82,19,3.67,few clouds
448,camacha,PT,33.08,-16.33,56.62,72,40,11.5,scattered clouds
449,talaya,RU,61.38,152.75,14.47,92,100,10.87,light snow
450,hithadhoo,MV,-0.6,73.08,83.91,68,100,15.14,overcast clouds
451,tak,TH,16.58,98.83,71.31,73,32,1.68,scattered clouds
452,ribeira grande,PT,38.52,-28.7,57.74,62,93,25.37,overcast clouds
453,aktau,KZ,43.65,51.2,18.18,63,1,10.16,clear sky
454,hurghada,EG,27.26,33.81,58.05,54,0,9.48,clear sky
455,bereznik,RU,62.86,42.71,31.48,85,73,10.38,broken clouds
456,santiago del estero,AR,-27.8,-64.26,63.63,51,100,3.27,overcast clouds
457,madang,PG,-5.22,145.8,86.41,63,100,1.12,overcast clouds
458,puerto leguizamo,CO,-0.19,-74.78,73.51,97,100,1.95,overcast clouds
459,karla,EE,59.37,24.93,33.57,87,0,3.44,clear sky
460,omsukchan,RU,62.53,155.8,21.47,88,100,7.38,overcast clouds
461,high rock,BS,26.62,-78.28,73.42,81,53,18.81,broken clouds
462,san juan,AR,-31.54,-68.54,68.77,42,0,14.74,clear sky
463,tafalla,ES,42.53,-1.67,53.4,84,100,18.1,overcast clouds
464,maarianhamina,AX,60.1,19.93,28.26,100,0,0.0,clear sky
465,burnie,AU,-41.07,145.92,63.5,79,98,8.32,overcast clouds
466,whangamata,NZ,-37.2,175.87,70.02,97,100,13.69,overcast clouds
467,nador,MA,35.17,-2.93,59.25,88,100,9.22,overcast clouds
468,acapulco,MX,16.86,-99.89,78.62,73,0,8.05,smoke
469,isangel,VU,-19.55,169.27,82.99,80,100,19.95,light rain
470,pacific grove,US,36.62,-121.92,68.54,70,0,18.99,clear sky
471,ville-marie,CA,47.33,-79.43,33.21,85,100,9.33,overcast clouds
472,ximei,CN,24.96,118.38,64.65,90,100,3.56,overcast clouds
473,aykhal,RU,66.0,111.5,2.77,99,100,3.11,overcast clouds
474,ponta delgada,PT,37.73,-25.67,57.51,82,40,8.05,scattered clouds
475,sisimiut,GL,66.94,-53.67,-10.46,84,5,6.62,clear sky
476,deder,ET,9.32,41.45,61.21,58,91,5.95,overcast clouds
477,bushehr,IR,28.97,50.84,64.49,68,0,9.22,clear sky
478,khanpur,PK,28.65,70.66,78.71,17,2,7.58,clear sky
479,barrow,US,71.29,-156.79,-18.38,76,0,4.61,clear sky
480,manokwari,ID,-0.87,134.08,82.42,70,93,3.33,overcast clouds
481,morris,US,40.83,-74.53,46.85,68,100,14.0,overcast clouds
482,luwuk,ID,-0.95,122.79,79.66,85,100,2.66,overcast clouds
483,padang,ID,-0.95,100.35,77.05,77,92,1.92,overcast clouds
484,banjar,ID,-8.19,114.97,82.6,76,100,3.51,overcast clouds
485,avarua,CK,-21.21,-159.78,86.05,66,20,18.41,few clouds
486,pevek,RU,69.7,170.31,-2.0,83,35,3.0,scattered clouds
487,constitucion,CL,-35.33,-72.42,54.68,87,100,4.21,overcast clouds
488,najran,SA,17.49,44.13,61.45,22,31,0.69,scattered clouds
489,salamiyah,SY,35.01,37.05,34.61,47,89,7.49,overcast clouds
490,laguna,US,38.42,-121.42,69.98,13,0,17.27,clear sky
491,kalmunai,LK,7.42,81.82,78.17,85,6,2.73,clear sky
492,surt,LY,31.21,16.59,55.29,76,96,19.1,overcast clouds
493,kargasok,RU,59.06,80.86,14.14,90,100,14.63,overcast clouds
494,delijan,IR,33.99,50.68,52.66,24,70,2.39,broken clouds
495,pasighat,IN,28.07,95.33,77.14,47,55,2.13,broken clouds
496,ghazipur,IN,25.58,83.57,75.51,24,4,4.43,clear sky
497,victor harbor,AU,-35.57,138.62,66.0,83,69,8.57,broken clouds
498,yeniseysk,RU,58.45,92.17,18.21,85,100,10.0,overcast clouds
499,santa barbara,US,34.73,-120.03,63.59,48,0,10.36,clear sky
500,moosomin,CA,50.13,-101.67,33.21,95,100,12.03,overcast clouds
501,luchegorsk,RU,46.48,134.26,27.14,70,7,9.13,clear sky
502,atuona,PF,-9.8,-139.03,78.75,80,48,15.1,light rain
503,abu samrah,SY,35.3,37.18,34.79,56,63,5.88,broken clouds
504,arkhara,RU,49.42,130.08,12.69,87,12,5.44,few clouds
505,roswell,US,34.02,-84.36,58.96,47,0,4.61,clear sky
506,darlawn,IN,24.02,92.9,64.58,48,5,2.28,clear sky
507,cherskiy,RU,68.75,161.3,10.72,81,100,6.35,overcast clouds
508,tateyama,JP,34.98,139.87,52.11,84,100,12.62,overcast clouds
509,cabo san lucas,MX,22.89,-109.91,85.3,47,40,19.57,scattered clouds
510,moron,AR,-34.65,-58.62,64.96,61,8,11.81,clear sky
511,along,IN,28.17,94.77,71.58,57,86,2.19,overcast clouds
512,sinnamary,GF,5.38,-52.95,77.7,84,100,12.86,overcast clouds
513,skelleftea,SE,64.75,20.95,28.76,86,27,4.61,scattered clouds
514,kalagarh,IN,29.5,78.75,70.81,25,31,6.04,scattered clouds
515,norman wells,CA,65.28,-126.83,3.24,60,75,13.8,broken clouds
516,vila,PT,42.03,-8.16,49.08,71,100,5.79,overcast clouds
517,promyshlennyy,RU,67.58,63.92,9.25,95,68,11.68,broken clouds
518,ulladulla,AU,-35.35,150.47,71.76,68,82,5.12,broken clouds
519,haines junction,CA,60.75,-137.51,35.55,41,100,2.3,overcast clouds
520,giyani,ZA,-23.3,30.72,60.73,74,2,3.85,clear sky
521,kavaratti,IN,10.57,72.64,81.66,65,10,8.68,clear sky
522,san bartolome de tirajana,ES,27.92,-15.57,51.31,60,75,10.36,broken clouds
523,bambous virieux,MU,-20.34,57.76,77.25,94,40,3.44,scattered clouds
524,hereford,GB,52.06,-2.71,41.05,85,5,2.24,clear sky
525,ngunguru,NZ,-35.62,174.5,73.96,68,100,8.9,overcast clouds
526,provideniya,RU,64.38,-173.3,15.37,67,0,4.47,clear sky
527,ostrowiec swietokrzyski,PL,50.93,21.39,36.09,59,0,3.31,clear sky
528,bredasdorp,ZA,-34.53,20.04,65.66,92,0,7.34,clear sky
529,aswan,EG,24.09,32.91,62.73,35,0,7.9,clear sky
530,urumqi,CN,43.8,87.6,32.95,69,0,4.47,clear sky
531,massillon,US,40.8,-81.52,47.21,60,0,3.44,clear sky
532,batagay,RU,67.63,134.63,-2.83,92,47,0.51,scattered clouds
533,toktogul,KG,41.87,72.94,34.41,81,96,1.3,overcast clouds
534,moussoro,TD,13.64,16.49,78.96,5,7,9.6,clear sky
535,beira,MZ,-19.84,34.84,77.09,69,40,11.5,scattered clouds
536,chitral,PK,35.85,71.79,48.81,54,0,5.84,clear sky
537,touba,CI,8.28,-7.68,74.66,73,80,3.67,broken clouds
538,halen,BE,50.95,5.11,44.62,75,91,2.3,overcast clouds
539,belaya gora,RU,68.53,146.42,3.09,87,38,2.44,scattered clouds
540,sompeta,IN,18.93,84.6,76.26,80,77,6.89,broken clouds
541,vila franca do campo,PT,37.72,-25.43,57.2,81,100,10.63,overcast clouds
542,shache,CN,38.42,77.24,49.71,45,51,4.18,broken clouds
543,luderitz,NA,-26.65,15.16,71.91,67,0,11.74,clear sky
544,alwar tirunagari,IN,8.6,77.95,77.22,83,40,0.0,haze
545,nouadhibou,MR,20.93,-17.03,62.58,77,0,18.41,clear sky
546,kalabo,ZM,-14.97,22.68,65.66,94,49,5.41,scattered clouds
547,eau claire,US,44.81,-91.5,51.19,48,0,4.61,clear sky
548,sangar,RU,63.92,127.47,9.34,88,99,12.03,overcast clouds
549,ballina,AU,-28.87,153.57,80.78,68,20,13.33,few clouds
550,codrington,AU,-38.27,141.97,69.6,63,92,8.57,overcast clouds
551,seoul,KR,37.57,126.98,42.37,45,0,2.3,clear sky
552,sambava,MG,-14.27,50.17,76.12,90,100,7.27,overcast clouds
553,cabedelo,BR,-6.98,-34.83,79.47,79,61,10.85,broken clouds
554,castelo branco,PT,39.82,-7.49,46.96,97,78,8.03,broken clouds
555,srandakan,ID,-7.94,110.25,79.74,84,100,8.03,overcast clouds
556,port hawkesbury,CA,45.62,-61.35,39.9,99,100,5.75,mist
557,torbay,CA,47.67,-52.73,28.58,95,100,24.16,light snow
558,inyonga,TZ,-6.72,32.07,63.81,97,100,4.12,overcast clouds
559,areosa,PT,41.72,-8.86,54.79,82,100,4.03,light rain
560,coihaique,CL,-45.58,-72.07,53.55,76,20,0.0,few clouds
561,luz,BR,-19.8,-45.69,70.7,75,16,7.02,few clouds
562,ust-kuyga,RU,70.02,135.6,-2.72,91,63,4.76,broken clouds
563,moose factory,CA,51.26,-80.61,23.0,68,100,11.5,overcast clouds
564,byron bay,AU,-28.65,153.62,76.95,61,47,13.6,scattered clouds
565,komsomolskiy,UZ,40.43,71.72,41.72,87,75,2.3,mist
566,vanimo,PG,-2.67,141.3,85.01,67,99,4.72,overcast clouds
567,nikolskoye,RU,59.7,30.79,35.87,98,100,5.88,overcast clouds
568,bengkulu,ID,-3.8,102.27,76.08,83,100,3.42,overcast clouds
569,mana,GF,5.66,-53.78,76.96,83,100,10.96,overcast clouds
570,shunyi,CN,40.12,116.65,46.35,34,0,8.95,clear sky
571,flin flon,CA,54.77,-101.86,32.56,87,100,11.72,overcast clouds
572,leh,IN,34.17,77.58,18.16,83,87,2.68,overcast clouds
573,necochea,AR,-38.55,-58.74,53.22,60,73,18.23,broken clouds
574,kruisfontein,ZA,-34.0,24.73,65.97,88,75,2.3,broken clouds
575,kaoma,ZM,-14.78,24.8,66.72,84,100,5.5,overcast clouds
576,denpasar,ID,-8.65,115.22,82.06,88,20,4.61,few clouds
577,chama,CH,47.18,8.46,41.77,80,1,2.3,clear sky
578,hobyo,SO,5.35,48.53,77.49,73,5,11.23,clear sky
579,yerbogachen,RU,61.28,108.01,23.05,94,100,13.67,light snow
580,mangrol,IN,21.12,70.12,73.83,73,10,10.13,clear sky
581,bathsheba,BB,13.22,-59.52,77.61,78,40,18.41,scattered clouds
582,la asuncion,VE,11.03,-63.86,78.53,83,10,14.97,clear sky
583,sucre,BO,-19.03,-65.26,56.23,78,100,5.5,overcast clouds
584,ferme-neuve,CA,46.7,-75.45,32.65,88,100,9.37,overcast clouds
585,rawson,AR,-43.3,-65.1,64.69,45,75,21.85,broken clouds
586,viytivka,UA,48.43,29.54,32.92,78,0,6.46,clear sky
587,pisco,PE,-13.7,-76.22,68.05,83,0,9.22,clear sky
588,gornorechenskiy,RU,44.26,135.11,29.08,54,19,11.95,few clouds
589,qasigiannguit,GL,68.82,-51.19,-5.55,84,3,7.38,clear sky
590,tiznit,MA,29.58,-9.5,53.31,77,64,4.59,broken clouds
591,busselton,AU,-33.65,115.33,67.06,57,7,14.81,clear sky
592,lagoa,PT,39.05,-27.98,56.62,63,100,26.49,overcast clouds
593,selma,US,36.57,-119.61,66.81,55,1,6.13,clear sky
594,sivas,TR,39.79,37.0,16.43,92,75,8.05,broken clouds
595,auki,SB,-8.77,160.7,86.59,63,37,5.61,scattered clouds
596,beamsville,CA,43.17,-79.48,46.02,58,4,12.66,clear sky
597,yatou,CN,37.15,122.38,41.83,49,100,2.93,overcast clouds
598,puerto palomas,MX,31.77,-107.62,67.44,15,0,30.49,clear sky
599,hyeres,FR,43.12,6.12,55.15,69,0,12.66,clear sky
600,tyrma,RU,50.08,132.17,16.65,80,100,7.9,overcast clouds
601,buala,SB,-8.14,159.59,86.52,60,98,4.52,overcast clouds
602,sayyan,YE,15.17,44.32,57.25,55,3,1.03,clear sky
603,paysandu,UY,-32.32,-58.08,61.61,57,0,12.3,clear sky
604,quelimane,MZ,-17.88,36.89,75.15,88,40,3.44,scattered clouds
605,cairns,AU,-16.92,145.77,89.06,68,54,12.66,broken clouds
606,tuatapere,NZ,-46.13,167.68,65.82,61,16,6.44,few clouds
607,lompoc,US,34.64,-120.46,68.02,65,0,23.02,clear sky
608,viedma,AR,-40.81,-63.0,63.73,64,100,20.54,overcast clouds
609,naron,ES,43.52,-8.15,58.05,73,96,5.17,overcast clouds
610,lazaro cardenas,MX,17.96,-102.2,76.84,57,0,5.28,clear sky
611,smolenka,RU,52.14,113.5,17.67,62,25,13.42,scattered clouds
612,joensuu,FI,62.6,29.76,34.29,75,0,4.61,clear sky
613,ahipara,NZ,-35.17,173.17,72.93,66,10,5.95,clear sky
614,mago,RU,53.25,140.18,16.61,71,18,10.4,few clouds
615,great yarmouth,GB,52.61,1.73,38.41,87,70,9.86,broken clouds
616,rabo de peixe,PT,37.8,-25.58,56.28,96,40,8.05,scattered clouds
617,xichang,CN,27.9,102.26,63.61,48,3,3.33,clear sky
618,vilyuysk,RU,63.76,121.62,15.35,93,97,3.11,overcast clouds
619,omboue,GA,-1.57,9.26,78.22,85,100,5.23,overcast clouds
620,new norfolk,AU,-42.78,147.06,69.89,55,67,1.99,broken clouds
621,alingsas,SE,57.93,12.53,36.52,67,1,5.39,clear sky
622,parana,AR,-31.73,-60.52,66.54,56,85,13.33,overcast clouds
623,matadi,CD,-5.82,13.45,76.6,96,96,1.79,light rain
624,iqaluit,CA,63.75,-68.51,-7.87,71,100,5.75,light snow
625,sampit,ID,-2.53,112.95,78.22,90,100,1.5,overcast clouds
626,strezhevoy,RU,60.73,77.59,19.89,95,100,11.12,light snow
627,mitu,CO,1.2,-70.17,72.7,99,100,1.03,overcast clouds
628,sao gabriel da cachoeira,BR,-0.13,-67.09,73.47,96,95,0.38,moderate rain
629,oktyabrskiy,RU,54.48,53.47,31.42,90,100,11.68,overcast clouds
630,sao filipe,CV,14.9,-24.5,69.75,71,1,10.42,clear sky
631,ust-tsilma,RU,65.44,52.15,25.3,87,100,12.01,overcast clouds
632,taksimo,RU,56.34,114.88,9.14,78,100,2.19,overcast clouds
633,wanning,CN,18.8,110.4,80.56,83,95,9.1,overcast clouds
634,cairo,EG,30.06,31.25,52.56,61,75,11.5,broken clouds
635,dillon,US,34.42,-79.37,56.25,47,0,7.99,clear sky
636,borgarnes,IS,64.54,-21.92,32.05,95,100,0.54,overcast clouds
637,benghazi,LY,32.12,20.07,50.27,76,56,18.1,broken clouds
638,guaruja,BR,-23.99,-46.26,75.09,71,100,15.64,overcast clouds
639,dogondoutchi,NE,13.64,4.03,81.18,17,99,3.18,overcast clouds
640,khandyga,RU,62.67,135.6,3.61,89,52,1.95,broken clouds
641,abu dhabi,AE,24.47,54.37,69.96,90,40,3.44,scattered clouds
642,kon tum,VN,14.35,108.0,78.62,66,62,0.94,broken clouds
643,sheridan,US,44.83,-106.92,34.18,85,100,14.97,snow
644,kahului,US,20.89,-156.47,86.02,61,40,11.5,scattered clouds
645,tromso,NO,69.65,18.96,46.42,36,0,24.16,clear sky
646,sinjai,ID,-5.12,120.25,81.18,77,100,1.05,overcast clouds
647,dattapur,IN,20.77,78.17,80.71,26,62,4.38,broken clouds
648,qaqortoq,GL,60.72,-46.03,3.87,82,7,6.42,clear sky
649,labuhan,ID,-6.88,112.21,81.28,77,94,1.36,overcast clouds
650,tuktoyaktuk,CA,69.45,-133.04,-9.4,77,100,9.22,light snow
651,kristiinankaupunki,FI,62.27,21.38,33.37,87,7,7.11,clear sky
652,buren,DE,51.55,8.57,48.02,43,0,8.05,clear sky
653,salalah,OM,17.02,54.09,69.89,35,0,3.44,clear sky
654,hualmay,PE,-11.1,-77.61,70.27,82,100,9.06,overcast clouds
655,hailar,CN,49.2,119.7,9.57,83,46,7.2,scattered clouds
656,kemijarvi,FI,66.71,27.43,31.06,76,24,5.21,few clouds
657,kenai,US,60.55,-151.26,44.69,65,0,17.27,clear sky
658,asekeyevo,RU,53.57,52.8,31.48,95,98,11.45,overcast clouds
659,madhupur,IN,24.25,86.65,75.02,64,7,6.55,clear sky
660,semey,KZ,50.41,80.23,16.02,79,0,15.66,clear sky
661,razdolinsk,RU,58.42,94.67,16.72,93,100,10.96,light snow
662,grindavik,IS,63.84,-22.43,32.47,80,75,5.75,broken clouds
663,belmonte,BR,-15.86,-38.88,76.68,84,28,3.98,scattered clouds
664,xining,CN,36.62,101.77,34.25,64,100,6.64,overcast clouds
665,iranshahr,IR,27.2,60.68,69.69,12,0,4.79,clear sky
666,kamenka,RU,51.32,42.77,23.02,97,34,7.92,scattered clouds
667,gushikawa,JP,26.35,127.87,72.99,73,40,11.5,scattered clouds
668,ushuaia,AR,-54.8,-68.3,49.66,76,20,13.8,few clouds
669,cap-aux-meules,CA,47.38,-61.86,30.25,100,100,12.66,mist
670,ketchikan,US,55.34,-131.65,40.98,93,100,10.36,moderate rain
671,nishihara,JP,26.18,127.76,73.06,78,75,12.66,broken clouds
672,makungu,TZ,-8.73,35.28,62.96,97,100,2.21,overcast clouds
673,consuegra,ES,39.46,-3.61,47.62,82,100,16.93,overcast clouds
674,kavieng,PG,-2.57,150.8,85.53,66,99,10.76,overcast clouds
675,port elizabeth,ZA,-33.92,25.57,66.31,96,20,2.3,few clouds
676,batticaloa,LK,7.71,81.69,78.4,83,1,2.89,clear sky
677,ponta do sol,PT,32.67,-17.1,63.05,66,27,6.96,scattered clouds
678,limbang,MY,4.75,115.0,80.71,97,100,1.99,light rain
679,chokurdakh,RU,70.63,147.92,-5.94,94,6,3.42,clear sky
680,chulym,RU,55.1,80.96,11.03,94,100,14.09,overcast clouds
681,skjervoy,NO,70.03,20.97,41.61,63,94,14.29,overcast clouds
682,butaritari,KI,3.07,172.79,81.21,78,37,19.77,light rain
683,edd,ER,13.93,41.69,83.64,49,79,3.76,broken clouds
684,jamestown,US,42.1,-79.24,42.03,48,0,11.5,clear sky
685,launceston,AU,-41.45,147.17,69.44,66,100,6.91,overcast clouds
